Apartado 1 - Prueba con todos los problemas con el algoritmo BFS;;;;;;;;;;;Apartado 2 - GBFS con todas las heurísticas usando el problema más complejo resuelto por GBFS en el Apartado 1;;;;;;;Apartado 3 - BFS, IDS, A* con hMAX y A* con lmcut usando el problema más complejo resulto por A* con hMAX en el apartado 1;;;;;;
#;Label;Algoritmo;Heurística;Fichero problema usado;Comando;Tiempo Obtenido;Nº Acciones;Resuelto;;;Problema:;;;;;;;Problema:;;;;;;
1;XS-1;BFS;;drone_problem_d1_r0_l2_p2_c2_g2_ct2.pddl;time timeout 60 pyperplan -s bfs domain.pddl generated/problem/drone_problem_d1_r0_l2_p2_c2_g2_ct2.pddl;0.00079;7;;;;Algoritmo;Heurística;Comando;Tiempo Obtenido;Nº Acciones;Óptimo;;Algoritmo;Heurística;Comando;Admisible;Tiempo;Nº Acciones;Óptimo
2;XS-2;BFS;;drone_problem_d1_r0_l3_p3_c3_g3_ct2.pddl;time timeout 60 pyperplan -s bfs domain.pddl generated/problem/drone_problem_d1_r0_l3_p3_c3_g3_ct2.pddl;0.021;10;;;;GBFS;hMAX;time timeout 60 pyperplan -s gbf -H hmax domain.pddl generated/problem/drone_problem_d1_r0_l4_p4_c4_g4_ct2.pddl;1.9;17;No;;BFS;;time timeout 60 pyperplan -s bfs domain.pddl generated/problem/drone_problem_d1_r0_l4_p4_c4_g4_ct2.pddl;Sí;0.59;13;Sí
3;S-1;BFS;;drone_problem_d1_r0_l4_p4_c4_g4_ct2.pddl;time timeout 60 pyperplan -s bfs domain.pddl generated/problem/drone_problem_d1_r0_l4_p4_c4_g4_ct2.pddl;0.61;13;;;;GBFS;hADD;time timeout 60 pyperplan -s gbf -H hadd domain.pddl generated/problem/drone_problem_d1_r0_l4_p4_c4_g4_ct2.pddl;0.012;15;No;;IDS;;time timeout 60 pyperplan -s ids domain.pddl generated/problem/drone_problem_d1_r0_l4_p4_c4_g4_ct2.pddl;Sí;;;Sí
4;S-2;BFS;;drone_problem_d1_r0_l5_p5_c5_g5_ct2.pddl;time timeout 60 pyperplan -s bfs domain.pddl generated/problem/drone_problem_d1_r0_l5_p5_c5_g5_ct2.pddl;23;16;;;;GBFS;hFF;time timeout 60 pyperplan -s gbf -H hff domain.pddl generated/problem/drone_problem_d1_r0_l4_p4_c4_g4_ct2.pddl;0.014;14;No;;A*;hMAX;time timeout 60 pyperplan -s astar -H hmax  domain.pddl generated/problem/drone_problem_d1_r0_l4_p4_c4_g4_ct2.pddl;Sí;8.9;13;Sí
5;S-3;BFS;;drone_problem_d1_r0_l6_p6_c6_g6_ct2.pddl;time timeout 60 pyperplan -s bfs domain.pddl generated/problem/drone_problem_d1_r0_l6_p6_c6_g6_ct2.pddl;;;No;;;GBFS;Landmark;time timeout 60 pyperplan -s gbf -H landmark domain.pddl generated/problem/drone_problem_d1_r0_l4_p4_c4_g4_ct2.pddl;0.0026;16;No;;A*;lmcut;time timeout 60 pyperplan -s astar -H lmcut domain.pddl generated/problem/drone_problem_d1_r0_l4_p4_c4_g4_ct2.pddl;Sí;6.1;13;Sí
6;M-1;BFS;;drone_problem_d1_r0_l7_p7_c7_g7_ct2.pddl;time timeout 60 pyperplan -s bfs domain.pddl generated/problem/drone_problem_d1_r0_l7_p7_c7_g7_ct2.pddl;;;No;;;;;;;;;;Nota: hADD, hFF y Landmark no son admisibles ? no garantizan optimalidad con A*, por eso no se incluyen en este apartado.;;;;;;
7;M-2;BFS;;drone_problem_d1_r0_l8_p8_c8_g8_ct2.pddl;time timeout 60 pyperplan -s bfs domain.pddl generated/problem/drone_problem_d1_r0_l8_p8_c8_g8_ct2.pddl;;;No;;;Apartado 2 - EHC con todas las heurísticas usando el problema más complejo resuelto por GBFS en el Apartado 1;;;;;;;;;;;;;
8;M-3;BFS;;drone_problem_d1_r0_l9_p9_c9_g9_ct2.pddl;time timeout 60 pyperplan -s bfs domain.pddl generated/problem/drone_problem_d1_r0_l9_p9_c9_g9_ct2.pddl;;;No;;;Problema:;;;;;;;;;;;;;
9;L-1;BFS;;drone_problem_d1_r0_l10_p10_c10_g10_ct2.pddl;time timeout 60 pyperplan -s bfs domain.pddl generated/problem/drone_problem_d1_r0_l10_p10_c10_g10_ct2.pddl;;;No;;;Algoritmo;Heurística;Comando;Tiempo Obtenido;Nº Acciones;Óptimo;;;;;;;;
10;L-2;BFS;;drone_problem_d1_r0_l11_p11_c11_g11_ct2.pddl;time timeout 60 pyperplan -s bfs domain.pddl generated/problem/drone_problem_d1_r0_l11_p11_c11_g11_ct2.pddl;;;No;;;EHC;hMAX;time timeout 60 pyperplan -s ehs  -H hmax domain.pddl generated/problem/drone_problem_d1_r0_l4_p4_c4_g4_ct2.pddl;2.4;14;No;;;;;;;;
11;L-3;BFS;;drone_problem_d1_r0_l12_p12_c12_g12_ct2.pddl;time timeout 60 pyperplan -s bfs domain.pddl generated/problem/drone_problem_d1_r0_l12_p12_c12_g12_ct2.pddl;;;No;;;EHC;hADD;time timeout 60 pyperplan -s ehs  -H hadd domain.pddl generated/problem/drone_problem_d1_r0_l4_p4_c4_g4_ct2.pddl;0.062;13;No;;;;;;;;
12;XL-1;BFS;;drone_problem_d1_r0_l13_p13_c13_g13_ct2.pddl;time timeout 60 pyperplan -s bfs domain.pddl generated/problem/drone_problem_d1_r0_l13_p13_c13_g13_ct2.pddl;;;No;;;EHC;hFF;time timeout 60 pyperplan -s ehs  -H hff domain.pddl generated/problem/drone_problem_d1_r0_l4_p4_c4_g4_ct2.pddl;0.023;15;No;;;;;;;;
13;XL-2;BFS;;drone_problem_d1_r0_l14_p14_c14_g14_ct2.pddl;time timeout 60 pyperplan -s bfs domain.pddl generated/problem/drone_problem_d1_r0_l14_p14_c14_g14_ct2.pddl;;;No;;;EHC;Landmark;time timeout 60 pyperplan -s ehs  -H landmark domain.pddl generated/problem/drone_problem_d1_r0_l4_p4_c4_g4_ct2.pddl;0.0065;19;No;;;;;;;;
14;XL-3;BFS;;drone_problem_d1_r0_l15_p15_c15_g15_ct2.pddl;time timeout 60 pyperplan -s bfs domain.pddl generated/problem/drone_problem_d1_r0_l15_p15_c15_g15_ct2.pddl;;;No;;;;;;;;;;;;;;;;
;;;;;;;;;;;;;;;;;;;;;;;;
Apartado 1 - Prueba con todos los problemas con el algoritmo IDS;;;;;;;;;;;;;;;;;;;;;;;;
#;Label;Algoritmo;Heurística;Fichero problema usado;Comando;Tiempo Obtenido;Nº Acciones;Resuelto;;;;;;;;;;;;;;;;
1;XS-1;IDS;;drone_problem_d1_r0_l2_p2_c2_g2_ct2.pddl;time timeout 60 pyperplan -s ids domain.pddl generated/problem/drone_problem_d1_r0_l2_p2_c2_g2_ct2.pddl;0.0034;7;;;;;;;;;;;;;;;;;
2;XS-2;IDS;;drone_problem_d1_r0_l3_p3_c3_g3_ct2.pddl;time timeout 60 pyperplan -s ids domain.pddl generated/problem/drone_problem_d1_r0_l3_p3_c3_g3_ct2.pddl;1.4;10;;;;;;;;;;;;;;;;;
3;S-1;IDS;;drone_problem_d1_r0_l4_p4_c4_g4_ct2.pddl;time timeout 60 pyperplan -s ids domain.pddl generated/problem/drone_problem_d1_r0_l4_p4_c4_g4_ct2.pddl;;;No;;;;;;;;;;;;;;;;
4;S-2;IDS;;drone_problem_d1_r0_l5_p5_c5_g5_ct2.pddl;time timeout 60 pyperplan -s ids domain.pddl generated/problem/drone_problem_d1_r0_l5_p5_c5_g5_ct2.pddl;;;No;;;;;;;;;;;;;;;;
5;S-3;IDS;;drone_problem_d1_r0_l6_p6_c6_g6_ct2.pddl;time timeout 60 pyperplan -s ids domain.pddl generated/problem/drone_problem_d1_r0_l6_p6_c6_g6_ct2.pddl;;;No;;;;;;;;;;;;;;;;
6;M-1;IDS;;drone_problem_d1_r0_l7_p7_c7_g7_ct2.pddl;time timeout 60 pyperplan -s ids domain.pddl generated/problem/drone_problem_d1_r0_l7_p7_c7_g7_ct2.pddl;;;No;;;;;;;;;;;;;;;;
7;M-2;IDS;;drone_problem_d1_r0_l8_p8_c8_g8_ct2.pddl;time timeout 60 pyperplan -s ids domain.pddl generated/problem/drone_problem_d1_r0_l8_p8_c8_g8_ct2.pddl;;;No;;;;;;;;;;;;;;;;
8;M-3;IDS;;drone_problem_d1_r0_l9_p9_c9_g9_ct2.pddl;time timeout 60 pyperplan -s ids domain.pddl generated/problem/drone_problem_d1_r0_l9_p9_c9_g9_ct2.pddl;;;No;;;;;;;;;;;;;;;;
9;L-1;IDS;;drone_problem_d1_r0_l10_p10_c10_g10_ct2.pddl;time timeout 60 pyperplan -s ids domain.pddl generated/problem/drone_problem_d1_r0_l10_p10_c10_g10_ct2.pddl;;;No;;;;;;;;;;;;;;;;
10;L-2;IDS;;drone_problem_d1_r0_l11_p11_c11_g11_ct2.pddl;time timeout 60 pyperplan -s ids domain.pddl generated/problem/drone_problem_d1_r0_l11_p11_c11_g11_ct2.pddl;;;No;;;;;;;;;;;;;;;;
11;L-3;IDS;;drone_problem_d1_r0_l12_p12_c12_g12_ct2.pddl;time timeout 60 pyperplan -s ids domain.pddl generated/problem/drone_problem_d1_r0_l12_p12_c12_g12_ct2.pddl;;;No;;;;;;;;;;;;;;;;
12;XL-1;IDS;;drone_problem_d1_r0_l13_p13_c13_g13_ct2.pddl;time timeout 60 pyperplan -s ids domain.pddl generated/problem/drone_problem_d1_r0_l13_p13_c13_g13_ct2.pddl;;;No;;;;;;;;;;;;;;;;
13;XL-2;IDS;;drone_problem_d1_r0_l14_p14_c14_g14_ct2.pddl;time timeout 60 pyperplan -s ids domain.pddl generated/problem/drone_problem_d1_r0_l14_p14_c14_g14_ct2.pddl;;;No;;;;;;;;;;;;;;;;
14;XL-3;IDS;;drone_problem_d1_r0_l15_p15_c15_g15_ct2.pddl;time timeout 60 pyperplan -s ids domain.pddl generated/problem/drone_problem_d1_r0_l15_p15_c15_g15_ct2.pddl;;;No;;;;;;;;;;;;;;;;
;;;;;;;;;;;;;;;;;;;;;;;;
Apartado 1 - Prueba con todos los problemas con el algoritmo A* con hMAX;;;;;;;;;;;;;;;;;;;;;;;;
#;Label;Algoritmo;Heurística;Fichero problema usado;Comando;Tiempo Obtenido;Nº Acciones;Resuelto;;;;;;;;;;;;;;;;
1;XS-1;A*;hMAX;drone_problem_d1_r0_l2_p2_c2_g2_ct2.pddl;time timeout 60 pyperplan -s astar -H hmax domain.pddl generated/problem/drone_problem_d1_r0_l2_p2_c2_g2_ct2.pddl;0.0072;7;;;;;;;;;;;;;;;;;
2;XS-2;A*;hMAX;drone_problem_d1_r0_l3_p3_c3_g3_ct2.pddl;time timeout 60 pyperplan -s astar -H hmax domain.pddl generated/problem/drone_problem_d1_r0_l3_p3_c3_g3_ct2.pddl;0.23;10;;;;;;;;;;;;;;;;;
3;S-1;A*;hMAX;drone_problem_d1_r0_l4_p4_c4_g4_ct2.pddl;time timeout 60 pyperplan -s astar -H hmax domain.pddl generated/problem/drone_problem_d1_r0_l4_p4_c4_g4_ct2.pddl;9.5;13;;;;;;;;;;;;;;;;;
4;S-2;A*;hMAX;drone_problem_d1_r0_l5_p5_c5_g5_ct2.pddl;time timeout 60 pyperplan -s astar -H hmax domain.pddl generated/problem/drone_problem_d1_r0_l5_p5_c5_g5_ct2.pddl;;;No;;;;;;;;;;;;;;;;
5;S-3;A*;hMAX;drone_problem_d1_r0_l6_p6_c6_g6_ct2.pddl;time timeout 60 pyperplan -s astar -H hmax domain.pddl generated/problem/drone_problem_d1_r0_l6_p6_c6_g6_ct2.pddl;;;No;;;;;;;;;;;;;;;;
6;M-1;A*;hMAX;drone_problem_d1_r0_l7_p7_c7_g7_ct2.pddl;time timeout 60 pyperplan -s astar -H hmax domain.pddl generated/problem/drone_problem_d1_r0_l7_p7_c7_g7_ct2.pddl;;;No;;;;;;;;;;;;;;;;
7;M-2;A*;hMAX;drone_problem_d1_r0_l8_p8_c8_g8_ct2.pddl;time timeout 60 pyperplan -s astar -H hmax domain.pddl generated/problem/drone_problem_d1_r0_l8_p8_c8_g8_ct2.pddl;;;No;;;;;;;;;;;;;;;;
8;M-3;A*;hMAX;drone_problem_d1_r0_l9_p9_c9_g9_ct2.pddl;time timeout 60 pyperplan -s astar -H hmax domain.pddl generated/problem/drone_problem_d1_r0_l9_p9_c9_g9_ct2.pddl;;;No;;;;;;;;;;;;;;;;
9;L-1;A*;hMAX;drone_problem_d1_r0_l10_p10_c10_g10_ct2.pddl;time timeout 60 pyperplan -s astar -H hmax domain.pddl generated/problem/drone_problem_d1_r0_l10_p10_c10_g10_ct2.pddl;;;No;;;;;;;;;;;;;;;;
10;L-2;A*;hMAX;drone_problem_d1_r0_l11_p11_c11_g11_ct2.pddl;time timeout 60 pyperplan -s astar -H hmax domain.pddl generated/problem/drone_problem_d1_r0_l11_p11_c11_g11_ct2.pddl;;;No;;;;;;;;;;;;;;;;
11;L-3;A*;hMAX;drone_problem_d1_r0_l12_p12_c12_g12_ct2.pddl;time timeout 60 pyperplan -s astar -H hmax domain.pddl generated/problem/drone_problem_d1_r0_l12_p12_c12_g12_ct2.pddl;;;No;;;;;;;;;;;;;;;;
12;XL-1;A*;hMAX;drone_problem_d1_r0_l13_p13_c13_g13_ct2.pddl;time timeout 60 pyperplan -s astar -H hmax domain.pddl generated/problem/drone_problem_d1_r0_l13_p13_c13_g13_ct2.pddl;;;No;;;;;;;;;;;;;;;;
13;XL-2;A*;hMAX;drone_problem_d1_r0_l14_p14_c14_g14_ct2.pddl;time timeout 60 pyperplan -s astar -H hmax domain.pddl generated/problem/drone_problem_d1_r0_l14_p14_c14_g14_ct2.pddl;;;No;;;;;;;;;;;;;;;;
14;XL-3;A*;hMAX;drone_problem_d1_r0_l15_p15_c15_g15_ct2.pddl;time timeout 60 pyperplan -s astar -H hmax domain.pddl generated/problem/drone_problem_d1_r0_l15_p15_c15_g15_ct2.pddl;;;No;;;;;;;;;;;;;;;;
;;;;;;;;;;;;;;;;;;;;;;;;
Apartado 1 - Prueba con todos los problemas con el algoritmo GBFS con hMAX;;;;;;;;;;;;;;;;;;;;;;;;
#;Label;Algoritmo;Heurística;Fichero problema usado;Comando;Tiempo Obtenido;Nº Acciones;Resuelto;;;;;;;;;;;;;;;;
1;XS-1;GBFS;hMAX;drone_problem_d1_r0_l2_p2_c2_g2_ct2.pddl;time timeout 60 pyperplan -s gbf -H hmax domain.pddl generated/problem/drone_problem_d1_r0_l2_p2_c2_g2_ct2.pddl;0.0031;7;;;;;;;;;;;;;;;;;
2;XS-2;GBFS;hMAX;drone_problem_d1_r0_l3_p3_c3_g3_ct2.pddl;time timeout 60 pyperplan -s gbf -H hmax domain.pddl generated/problem/drone_problem_d1_r0_l3_p3_c3_g3_ct2.pddl;0.021;10;;;;;;;;;;;;;;;;;
3;S-1;GBFS;hMAX;drone_problem_d1_r0_l4_p4_c4_g4_ct2.pddl;time timeout 60 pyperplan -s gbf -H hmax domain.pddl generated/problem/drone_problem_d1_r0_l4_p4_c4_g4_ct2.pddl;1.9;17;;;;;;;;;;;;;;;;;
4;S-2;GBFS;hMAX;drone_problem_d1_r0_l5_p5_c5_g5_ct2.pddl;time timeout 60 pyperplan -s gbf -H hmax domain.pddl generated/problem/drone_problem_d1_r0_l5_p5_c5_g5_ct2.pddl;;;No;;;;;;;;;;;;;;;;
5;S-3;GBFS;hMAX;drone_problem_d1_r0_l6_p6_c6_g6_ct2.pddl;time timeout 60 pyperplan -s gbf -H hmax domain.pddl generated/problem/drone_problem_d1_r0_l6_p6_c6_g6_ct2.pddl;;;No;;;;;;;;;;;;;;;;
6;M-1;GBFS;hMAX;drone_problem_d1_r0_l7_p7_c7_g7_ct2.pddl;time timeout 60 pyperplan -s gbf -H hmax domain.pddl generated/problem/drone_problem_d1_r0_l7_p7_c7_g7_ct2.pddl;;;No;;;;;;;;;;;;;;;;
7;M-2;GBFS;hMAX;drone_problem_d1_r0_l8_p8_c8_g8_ct2.pddl;time timeout 60 pyperplan -s gbf -H hmax domain.pddl generated/problem/drone_problem_d1_r0_l8_p8_c8_g8_ct2.pddl;;;No;;;;;;;;;;;;;;;;
8;M-3;GBFS;hMAX;drone_problem_d1_r0_l9_p9_c9_g9_ct2.pddl;time timeout 60 pyperplan -s gbf -H hmax domain.pddl generated/problem/drone_problem_d1_r0_l9_p9_c9_g9_ct2.pddl;;;No;;;;;;;;;;;;;;;;
9;L-1;GBFS;hMAX;drone_problem_d1_r0_l10_p10_c10_g10_ct2.pddl;time timeout 60 pyperplan -s gbf -H hmax domain.pddl generated/problem/drone_problem_d1_r0_l10_p10_c10_g10_ct2.pddl;;;No;;;;;;;;;;;;;;;;
10;L-2;GBFS;hMAX;drone_problem_d1_r0_l11_p11_c11_g11_ct2.pddl;time timeout 60 pyperplan -s gbf -H hmax domain.pddl generated/problem/drone_problem_d1_r0_l11_p11_c11_g11_ct2.pddl;;;No;;;;;;;;;;;;;;;;
11;L-3;GBFS;hMAX;drone_problem_d1_r0_l12_p12_c12_g12_ct2.pddl;time timeout 60 pyperplan -s gbf -H hmax domain.pddl generated/problem/drone_problem_d1_r0_l12_p12_c12_g12_ct2.pddl;;;No;;;;;;;;;;;;;;;;
12;XL-1;GBFS;hMAX;drone_problem_d1_r0_l13_p13_c13_g13_ct2.pddl;time timeout 60 pyperplan -s gbf -H hmax domain.pddl generated/problem/drone_problem_d1_r0_l13_p13_c13_g13_ct2.pddl;;;No;;;;;;;;;;;;;;;;
13;XL-2;GBFS;hMAX;drone_problem_d1_r0_l14_p14_c14_g14_ct2.pddl;time timeout 60 pyperplan -s gbf -H hmax domain.pddl generated/problem/drone_problem_d1_r0_l14_p14_c14_g14_ct2.pddl;;;No;;;;;;;;;;;;;;;;
14;XL-3;GBFS;hMAX;drone_problem_d1_r0_l15_p15_c15_g15_ct2.pddl;time timeout 60 pyperplan -s gbf -H hmax domain.pddl generated/problem/drone_problem_d1_r0_l15_p15_c15_g15_ct2.pddl;;;No;;;;;;;;;;;;;;;;
