n_drones;problem_size;mode;status;cpu_time_s;plan_steps;makespan;problem_file
1;10;quality;OK;50.11;32;1845.0;/home/adrianmoralesrodriguez/LabsPDDL/planificacion-automatica-lab/parte3/src/generated/drone_problem_d1_r0_l10_p10_c10_g10_ct2.pddl
2;4;quality;OK;40.01;16;478.0;/home/adrianmoralesrodriguez/LabsPDDL/planificacion-automatica-lab/parte3/src/generated/drone_problem_d2_r0_l4_p4_c4_g4_ct2.pddl
3;4;quality;OK;30.08;12;438.0;/home/adrianmoralesrodriguez/LabsPDDL/planificacion-automatica-lab/parte3/src/generated/drone_problem_d3_r0_l4_p4_c4_g4_ct2.pddl
4;3;quality;OK;37.26;8;70.0;/home/adrianmoralesrodriguez/LabsPDDL/planificacion-automatica-lab/parte3/src/generated/drone_problem_d4_r0_l3_p3_c3_g3_ct2.pddl
5;3;quality;OK;49.58;10;318.0;/home/adrianmoralesrodriguez/LabsPDDL/planificacion-automatica-lab/parte3/src/generated/drone_problem_d5_r0_l3_p3_c3_g3_ct2.pddl
6;2;quality;OK;34.01;7;525.0;/home/adrianmoralesrodriguez/LabsPDDL/planificacion-automatica-lab/parte3/src/generated/drone_problem_d6_r0_l2_p2_c2_g2_ct2.pddl
8;2;quality;OK;10.26;11;339.0;/home/adrianmoralesrodriguez/LabsPDDL/planificacion-automatica-lab/parte3/src/generated/drone_problem_d8_r0_l2_p2_c2_g2_ct2.pddl
;;;;;;;
;;;;;;;
;;;;;;;
n_drones;problem_size;mode;status;cpu_time_s;plan_steps;makespan;problem_file
1;12;quality;OK;50.82;39;2611.0;/home/adrianmoralesrodriguez/LabsPDDL/planificacion-automatica-lab/parte3/src/generated/drone_problem_d1_r0_l12_p12_c12_g12_ct2.pddl
2;4;quality;OK;14.58;13;478.0;/home/adrianmoralesrodriguez/LabsPDDL/planificacion-automatica-lab/parte3/src/generated/drone_problem_d2_r0_l4_p4_c4_g4_ct2.pddl
3;4;quality;OK;36.22;12;438.0;/home/adrianmoralesrodriguez/LabsPDDL/planificacion-automatica-lab/parte3/src/generated/drone_problem_d3_r0_l4_p4_c4_g4_ct2.pddl
4;2;quality;OK;5.76;6;278.0;/home/adrianmoralesrodriguez/LabsPDDL/planificacion-automatica-lab/parte3/src/generated/drone_problem_d4_r0_l2_p2_c2_g2_ct2.pddl
7;2;quality;OK;31.76;6;418.0;/home/adrianmoralesrodriguez/LabsPDDL/planificacion-automatica-lab/parte3/src/generated/drone_problem_d7_r0_l2_p2_c2_g2_ct2.pddl
;;;;;;;
;;;;;;;
;;;;;;;
n_drones;problem_size;mode;status;cpu_time_s;plan_steps;makespan;problem_file
1;12;speed;OK;53.72;39;2611.0;/home/adrianmoralesrodriguez/LabsPDDL/planificacion-automatica-lab/parte3/src/generated/drone_problem_d1_r0_l12_p12_c12_g12_ct2.pddl
2;8;speed;OK;56.22;28;1005.0;/home/adrianmoralesrodriguez/LabsPDDL/planificacion-automatica-lab/parte3/src/generated/drone_problem_d2_r0_l8_p8_c8_g8_ct2.pddl
3;5;speed;OK;40.14;17;521.0;/home/adrianmoralesrodriguez/LabsPDDL/planificacion-automatica-lab/parte3/src/generated/drone_problem_d3_r0_l5_p5_c5_g5_ct2.pddl
4;5;speed;OK;56.73;14;624.0;/home/adrianmoralesrodriguez/LabsPDDL/planificacion-automatica-lab/parte3/src/generated/drone_problem_d4_r0_l5_p5_c5_g5_ct2.pddl
5;3;speed;OK;17.86;11;503.0;/home/adrianmoralesrodriguez/LabsPDDL/planificacion-automatica-lab/parte3/src/generated/drone_problem_d5_r0_l3_p3_c3_g3_ct2.pddl
6;3;speed;OK;12.46;9;487.0;/home/adrianmoralesrodriguez/LabsPDDL/planificacion-automatica-lab/parte3/src/generated/drone_problem_d6_r0_l3_p3_c3_g3_ct2.pddl
7;2;speed;OK;2.59;6;418.0;/home/adrianmoralesrodriguez/LabsPDDL/planificacion-automatica-lab/parte3/src/generated/drone_problem_d7_r0_l2_p2_c2_g2_ct2.pddl
8;2;speed;OK;11.16;9;354.0;/home/adrianmoralesrodriguez/LabsPDDL/planificacion-automatica-lab/parte3/src/generated/drone_problem_d8_r0_l2_p2_c2_g2_ct2.pddl
9;3;speed;OK;19.0;12;1022.0;/home/adrianmoralesrodriguez/LabsPDDL/planificacion-automatica-lab/parte3/src/generated/drone_problem_d9_r0_l3_p3_c3_g3_ct2.pddl
10;3;speed;OK;43.14;8;300.0;/home/adrianmoralesrodriguez/LabsPDDL/planificacion-automatica-lab/parte3/src/generated/drone_problem_d10_r0_l3_p3_c3_g3_ct2.pddl
